,Spending_Score
0,Low
2,Low
3,High
5,Average
6,Low
7,Low
8,Low
9,Average
10,Low
11,Low
14,Low
15,Low
16,Low
17,Low
18,Average
19,High
20,Low
21,Low
22,Low
23,Low
25,Average
26,Low
27,Average
28,Low
29,Low
30,Low
31,Low
32,Low
34,High
35,Low
36,Low
37,Average
38,Low
40,Low
41,Low
42,Low
44,Low
46,Average
48,Low
49,Low
50,Average
51,Average
52,Low
53,Average
54,Low
55,Average
56,Low
58,Average
60,Average
61,Average
62,High
63,High
64,High
65,Low
66,Average
67,Low
68,Average
70,Low
71,Average
72,Average
73,Low
74,Average
75,Low
76,Low
77,Low
78,Average
80,Low
81,Low
82,Low
83,Average
84,Low
85,Low
86,Average
87,Low
88,Low
89,Average
90,Low
91,Average
92,High
93,Low
94,Low
96,Low
97,High
98,Average
99,Average
100,Average
101,High
102,Low
103,High
104,Low
105,Low
106,Low
107,Low
109,Low
111,Low
113,Low
114,High
115,Average
116,Low
117,Low
119,High
120,High
121,High
122,Average
123,Low
124,Low
125,Low
127,Average
128,Low
129,Low
130,High
131,High
132,Low
134,High
135,Low
137,Low
138,Low
139,Low
140,Average
141,Average
142,Low
144,Average
145,Low
146,Average
147,Low
148,Low
149,Average
150,High
151,Low
152,Average
153,Average
154,Low
155,Low
156,Low
157,Average
158,High
159,Average
160,Low
161,Low
162,Average
164,Average
165,Average
166,Average
167,Low
168,Low
169,Average
170,Low
171,High
172,Low
173,Low
174,High
175,Average
176,Low
177,Low
178,Low
179,Low
180,Average
183,Average
184,Low
187,Low
188,Average
189,Low
190,Average
191,Low
192,Low
194,Low
195,Average
196,Average
197,High
198,Low
199,Average
200,Low
202,Average
203,Low
204,Low
205,Low
206,Low
207,Low
208,Low
210,Low
211,Low
212,Low
214,Average
215,Low
216,Average
221,Average
222,Low
223,Low
224,Low
226,Average
227,Low
228,Low
232,High
234,Low
235,Low
236,Low
238,High
239,Low
240,High
241,Average
242,High
243,Average
244,Low
245,Low
246,Low
247,Low
248,Low
249,Low
251,Low
253,High
254,Low
255,Average
258,Low
259,High
260,Average
262,High
264,Low
265,High
266,Low
267,Average
268,Low
269,Low
270,Low
271,Low
273,Low
274,Average
275,High
276,High
277,Low
278,Low
279,Low
280,Average
281,High
282,Average
283,Low
284,Low
285,Low
286,Low
287,Low
288,Low
289,Average
291,Low
293,Low
294,Low
295,High
296,Low
297,Low
298,High
299,Average
302,Low
303,Low
304,High
306,Average
307,Average
308,Average
313,High
314,Low
315,Low
316,Low
317,Low
318,Low
319,Low
320,High
321,Low
323,Low
324,Low
325,Low
326,Low
327,Average
328,Low
329,Average
330,Average
332,Low
333,Average
334,Low
335,Low
336,Low
337,Low
338,Low
339,Average
340,Low
341,Average
342,Low
343,Low
344,Low
345,Low
346,Low
347,Low
348,High
353,Low
354,Low
355,Low
356,Low
357,Low
358,Average
359,Low
361,Low
362,High
363,Low
364,High
365,Average
366,Low
367,Low
368,Low
369,Average
370,Low
371,Low
372,Low
374,Low
375,Low
376,Low
377,Average
378,Low
379,Low
380,Low
381,Average
382,Low
383,Average
384,High
385,Average
387,Average
390,Low
391,High
392,Low
393,Average
395,High
396,High
397,Average
398,Average
399,High
400,Low
402,Low
403,Average
404,High
405,Average
407,Average
408,Low
410,Average
411,Low
412,High
413,Low
414,High
415,Low
416,Low
417,Average
418,Low
420,Low
421,Low
422,Average
423,Average
424,Low
425,Average
426,Low
427,Low
429,Average
430,Low
432,Low
433,Low
434,Low
435,Average
436,High
438,Low
439,Low
441,Average
442,Average
443,Low
445,Average
446,Low
447,Low
449,Low
450,Low
451,Low
454,Average
455,Average
457,Low
458,Low
459,Low
460,High
461,Low
462,Low
463,Low
464,High
465,Low
466,Low
468,High
469,Low
471,High
472,Low
473,Average
474,High
476,High
477,High
478,Low
479,Low
480,Low
481,Low
482,Average
483,Low
484,Low
485,Low
486,Low
487,Low
488,High
489,Low
490,Low
491,Low
492,Low
493,Average
494,Low
495,Low
496,Low
497,Average
500,Low
501,Low
502,Low
504,Low
505,Low
506,High
507,Low
509,Average
511,Average
512,Low
513,Low
514,Average
515,Low
516,Average
517,Low
519,Low
520,Low
521,Average
522,Low
523,Low
524,Low
526,Low
527,Average
528,Low
529,Low
530,Low
531,Low
533,Average
534,Average
535,Average
536,Average
537,Low
538,Low
539,Average
540,High
541,High
542,Average
543,Low
544,High
546,Low
547,Average
548,Average
549,Low
550,Low
551,Low
553,Low
554,Low
555,Low
556,Low
557,Average
558,Low
559,Average
560,Low
562,Average
563,Low
565,Low
568,Low
569,Low
570,Low
571,Average
572,Average
573,Low
574,Average
577,Average
578,Low
579,High
582,Average
583,Low
584,Low
587,Low
588,Low
589,Low
590,Low
591,Low
592,High
594,Low
595,High
596,Average
597,Low
598,Average
600,Low
606,Low
607,High
608,Average
609,Low
610,Average
611,Average
612,Average
613,Low
616,Low
618,Low
619,Low
621,Low
622,Low
623,Low
624,Low
625,Low
626,Low
627,High
628,Low
629,High
630,Average
631,Low
632,Low
633,Low
635,Low
636,Low
638,Average
639,Average
640,Low
642,Low
643,Low
644,Average
645,Low
646,Average
648,Low
649,Low
650,Average
651,Average
653,High
655,Low
656,Low
657,Low
658,Average
659,Average
662,Low
663,Low
664,Low
667,Average
668,Low
669,Low
670,Low
671,Low
672,Average
673,High
674,Low
675,High
676,Average
677,Average
678,Low
679,Average
680,High
681,Average
683,Average
684,Average
685,Low
686,Low
687,Low
688,Low
689,Low
690,Low
691,Low
692,Average
694,Average
695,Low
697,High
698,Low
699,Low
700,Low
702,Low
704,High
706,Average
707,Low
708,High
709,High
710,Low
711,Low
712,Low
713,Low
714,Low
715,Low
716,Low
717,Low
719,Low
721,Low
723,Average
724,Low
725,Low
726,Low
727,Low
728,Low
729,Average
730,Low
731,Low
732,High
734,High
735,High
737,Low
738,Low
739,Average
740,Average
741,Average
743,Low
744,Low
745,Average
746,High
747,Average
748,Low
750,Low
751,Low
752,Average
753,High
754,Low
755,Low
757,Average
758,Low
759,Average
760,Low
762,High
763,Average
764,Average
765,Low
767,Low
768,Low
770,Low
771,Low
772,High
773,Average
774,Average
775,Low
776,Average
778,Low
779,Average
780,Low
781,Average
782,Average
783,Average
784,Low
785,Average
786,Low
787,Average
789,Low
790,High
791,Low
792,Average
793,Low
794,Low
796,Average
797,High
798,Low
799,Average
800,Low
802,Low
803,Low
804,Low
805,Low
806,Low
807,Low
808,Low
809,High
810,Average
811,High
812,Low
813,Average
814,Low
815,Low
820,Average
821,Low
822,Low
823,Average
825,Low
826,Low
828,Average
829,Low
830,Low
831,High
832,Low
834,High
836,Low
837,Low
838,Average
840,Low
841,Low
842,Average
843,Average
844,Low
847,High
848,Low
849,Low
852,High
853,Low
854,Average
855,Low
856,Low
858,Low
859,Low
860,Low
861,Low
862,Low
863,Low
864,Low
865,Low
866,Low
868,Average
869,Low
870,High
871,High
873,Low
874,Low
875,Average
876,Average
877,Low
878,High
879,Low
880,Average
882,Low
883,Low
884,High
885,Average
886,High
888,Low
889,High
890,Low
891,Low
892,Low
893,Average
894,Low
896,Low
897,High
898,Low
900,High
902,Average
904,Low
905,Low
906,Low
908,Low
914,Low
915,Low
916,Low
917,Low
918,Low
919,Low
920,High
921,Low
922,Average
923,Average
925,Low
926,Low
928,Average
929,High
931,Average
932,Low
933,Low
934,Low
935,Low
936,Low
937,Low
938,Low
939,Low
940,Low
941,Average
942,Average
944,High
945,Average
946,Low
947,Low
948,Average
949,Low
950,Low
951,Average
952,Low
953,Average
954,Average
955,Low
957,Low
960,Low
961,High
962,Low
964,Low
968,Low
969,Low
972,Average
973,Low
974,Low
975,Low
976,Low
977,Low
979,High
980,Low
981,Low
982,High
983,Low
984,Low
986,Average
987,Average
988,Low
989,Average
990,Low
991,Low
992,Low
993,Low
994,Low
995,Low
996,Average
997,Low
998,Average
999,Low
1000,Low
1001,Low
1003,Low
1004,Low
1005,High
1006,Low
1007,Low
1008,Low
1010,Average
1011,Average
1012,Low
1013,Low
1014,High
1015,Low
1016,Average
1017,Low
1018,Low
1019,High
1020,Low
1021,Average
1022,Low
1023,Low
1024,Low
1025,Average
1026,Low
1027,Low
1030,Average
1031,Average
1032,High
1033,High
1035,Low
1036,Low
1037,Average
1038,Average
1039,Low
1040,Average
1041,Low
1042,Low
1043,Low
1044,High
1045,Low
1046,Low
1047,Average
1048,Low
1049,Low
1050,Low
1051,Average
1052,Average
1053,Low
1054,Average
1056,Low
1057,Low
1058,Low
1059,Low
1060,Low
1061,High
1062,Low
1064,Low
1065,Average
1066,Low
1070,Average
1071,Average
1072,Low
1073,Low
1074,Low
1075,Low
1076,Low
1077,Low
1078,Average
1079,Low
1080,Low
1081,High
1082,Low
1083,Average
1084,High
1085,Low
1086,Average
1087,Average
1089,Low
1090,High
1091,Low
1094,Low
1096,Low
1097,Low
1098,High
1099,Low
1100,Average
1101,Low
1102,Average
1103,Low
1104,Average
1105,High
1106,High
1107,Low
1108,High
1109,Low
1110,Low
1111,Low
1112,Low
1113,High
1114,Low
1115,High
1116,High
1117,Low
1118,High
1119,High
1120,Average
1121,Low
1122,Average
1123,Low
1124,Low
1125,Low
1126,High
1127,Low
1129,Average
1132,High
1133,Low
1134,Average
1135,Average
1136,Average
1137,Low
1138,Low
1139,Low
1140,Low
1142,High
1143,Low
1144,High
1145,Low
1146,Average
1147,Low
1148,Low
1149,Low
1150,High
1151,Low
1152,Average
1153,Low
1154,Average
1155,Low
1156,Low
1157,Low
1158,Low
1159,Low
1160,High
1161,Low
1162,Low
1163,Low
1164,Low
1165,Low
1166,Low
1167,Low
1168,Average
1169,High
1170,High
1171,Low
1172,High
1173,Low
1174,Low
1175,Average
1176,Low
1177,Low
1179,Low
1180,Average
1181,High
1183,Low
1184,Average
1185,High
1186,Average
1187,High
1189,Low
1190,Low
1191,Low
1193,Low
1194,Average
1195,Average
1196,Low
1197,Average
1198,Low
1199,High
1200,Average
1202,Low
1203,Low
1204,Low
1205,Low
1206,High
1207,Average
1208,Average
1209,Average
1210,Low
1211,Average
1212,Low
1213,High
1214,Low
1215,Average
1216,Low
1217,High
1218,Low
1220,Average
1221,Low
1222,Low
1224,High
1225,High
1226,Low
1228,Low
1229,Average
1230,Low
1232,Low
1233,Low
1234,Average
1235,Low
1236,High
1237,High
1238,Average
1239,High
1241,Low
1242,Low
1243,Low
1244,Low
1245,Low
1246,Low
1247,Low
1248,Average
1249,Low
1250,Low
1251,High
1252,Low
1253,Low
1254,Low
1255,Low
1256,Low
1257,Low
1258,High
1259,Low
1260,High
1261,Low
1263,Low
1264,Low
1265,High
1266,Average
1267,Low
1268,Low
1269,Low
1272,Low
1273,Average
1274,Low
1275,Low
1276,Low
1277,Low
1278,Low
1279,Low
1280,Low
1281,Average
1282,High
1283,Low
1284,Low
1285,Average
1286,Low
1288,Low
1289,High
1290,Average
1291,Average
1292,Low
1293,Low
1294,Low
1295,Average
1296,High
1297,Low
1298,High
1299,Low
1300,Average
1301,Low
1302,Low
1303,Average
1304,Average
1305,Low
1306,Low
1308,Low
1309,Low
1310,Low
1311,Low
1312,Low
1313,Average
1314,Low
1315,Low
1317,Low
1318,High
1319,Low
1321,Low
1323,Average
1324,Low
1325,Low
1328,Low
1329,Low
1330,High
1331,Low
1332,Low
1333,Low
1336,Low
1337,Low
1338,Low
1340,Average
1341,Average
1342,Average
1343,Low
1344,Low
1345,Low
1346,Low
1348,Low
1349,Average
1350,Low
1351,Low
1352,Average
1353,Low
1354,Low
1355,Average
1356,Low
1357,Average
1358,Low
1360,Low
1361,Low
1362,Low
1363,Average
1365,Low
1366,Low
1367,High
1369,Low
1370,Average
1372,Low
1373,Low
1376,Low
1377,Low
1378,Average
1379,Average
1380,High
1381,Average
1382,Average
1383,Low
1385,Low
1387,High
1390,Low
1392,Low
1393,Low
1394,Low
1395,Low
1396,Low
1398,Average
1399,Low
1400,High
1401,Low
1402,Low
1403,Average
1404,Low
1405,Low
1406,Low
1407,Average
1408,Average
1410,Low
1411,High
1412,Low
1413,Low
1414,Low
1415,Average
1418,Low
1419,Average
1420,Average
1421,Low
1422,High
1423,High
1424,Low
1425,Average
1426,Low
1427,Low
1429,Low
1431,Low
1432,Low
1433,Average
1434,Low
1435,Low
1436,Low
1437,Low
1438,Low
1440,Average
1441,Low
1442,Average
1443,Low
1445,Average
1447,Low
1448,Average
1449,Low
1450,Average
1451,Average
1452,Low
1453,Low
1454,Average
1455,Low
1456,Low
1457,High
1458,Average
1463,Low
1464,Average
1465,Average
1466,Low
1467,Low
1469,Low
1470,Low
1471,Low
1472,Average
1473,High
1474,Low
1475,High
1476,Average
1477,High
1480,Low
1481,Average
1482,Average
1484,Low
1485,Low
1487,Average
1488,Low
1489,Low
1490,Low
1491,Low
1492,Low
1493,Low
1494,Average
1495,Low
1496,Average
1497,Low
1498,Low
1499,Low
1500,Average
1502,Low
1503,Low
1504,Low
1505,Average
1507,Low
1508,High
1510,High
1511,Low
1513,Average
1514,Low
1515,Average
1517,Low
1518,Average
1519,Low
1520,Average
1521,Low
1522,Low
1523,High
1524,High
1525,Low
1526,Low
1527,Low
1528,Low
1529,Average
1530,Low
1531,High
1534,Low
1535,Low
1537,Low
1539,Low
1540,Low
1541,High
1542,Average
1543,High
1544,Low
1545,Average
1546,Low
1548,High
1549,Low
1550,Low
1551,Low
1552,Low
1553,Average
1554,High
1555,Low
1556,Average
1557,Low
1558,Average
1559,Low
1560,High
1561,Average
1562,Average
1563,Low
1564,Low
1565,Low
1566,Low
1567,Average
1569,High
1570,Average
1571,Low
1572,Average
1573,Low
1574,Low
1575,Low
1576,Low
1577,Average
1578,Low
1579,Low
1581,Average
1582,Low
1584,High
1585,Average
1586,Low
1587,Low
1588,Average
1589,Low
1590,High
1591,Low
1593,Low
1594,Average
1595,Low
1596,High
1597,Low
1598,Low
1599,Low
1601,Average
1602,Low
1603,High
1604,Low
1606,Low
1607,Low
1608,Average
1609,High
1611,Low
1612,Low
1613,Low
1614,High
1616,Average
1617,Average
1618,Low
1619,Average
1620,Low
1621,Low
1622,Low
1623,Low
1624,Low
1626,Low
1627,Low
1628,Low
1629,Low
1630,Low
1631,High
1633,Low
1635,Low
1636,Low
1637,Low
1638,Low
1639,Low
1640,Low
1641,High
1642,High
1643,Low
1644,Low
1645,Average
1646,Low
1647,High
1649,Average
1650,Low
1651,Low
1652,Average
1653,Low
1655,Low
1656,Low
1657,Low
1658,Average
1659,Average
1660,Low
1661,High
1663,Low
1664,High
1665,Low
1666,High
1667,Average
1668,Low
1670,Low
1671,Low
1672,Average
1673,High
1674,Low
1675,Low
1676,Low
1677,Low
1679,Low
1680,High
1681,Low
1682,Low
1683,High
1684,High
1685,Average
1686,Low
1687,High
1690,Low
1691,High
1692,Average
1693,Low
1694,Low
1695,Low
1696,Low
1698,Average
1699,Low
1700,Low
1702,Average
1703,Low
1704,Average
1705,Low
1706,Average
1707,Low
1708,Low
1709,Low
1710,Low
1712,Low
1713,Average
1714,Low
1715,Low
1716,Low
1717,Average
1719,Low
1720,Low
1722,High
1723,Average
1724,Average
1725,High
1727,Low
1728,Low
1729,Average
1730,Average
1732,High
1733,High
1734,Low
1735,Average
1736,Average
1738,High
1739,Average
1740,Average
1741,Low
1742,Low
1743,Low
1745,Low
1746,Low
1748,Low
1749,Average
1750,Average
1752,Low
1753,Low
1754,Low
1755,High
1756,Low
1757,High
1758,Low
1759,High
1761,Low
1764,High
1765,Average
1766,High
1767,Low
1768,Average
1769,Low
1770,Average
1771,Average
1772,Low
1773,Low
1774,Low
1776,Average
1777,Low
1778,High
1779,Low
1780,High
1781,Low
1782,Low
1783,Low
1784,Low
1785,Low
1787,Average
1789,High
1790,Low
1791,Low
1793,Low
1795,Average
1798,Low
1799,Low
1800,Low
1801,Low
1802,Low
1803,Low
1804,Average
1805,Low
1806,Average
1808,Average
1809,Average
1810,Low
1811,Low
1812,Average
1813,Low
1814,Low
1816,High
1817,Low
1818,Low
1819,Average
1820,High
1821,Low
1822,High
1823,High
1824,Average
1825,Low
1826,Average
1827,Low
1829,Average
1830,High
1831,Low
1832,Low
1833,Average
1835,High
1836,Low
1837,High
1838,Low
1839,Low
1840,Low
1841,Low
1842,Low
1843,Low
1845,High
1847,Low
1848,Low
1849,Low
1850,Low
1851,Low
1852,Low
1853,Low
1854,Low
1855,Low
1856,Average
1857,Average
1858,Low
1859,Low
1860,Low
1861,High
1862,Low
1863,Average
1864,Average
1865,Low
1866,High
1867,Low
1868,Low
1869,Low
1870,Low
1871,Low
1872,Low
1873,Low
1874,Low
1875,Low
1876,Low
1877,Low
1878,Low
1879,Low
1880,Low
1881,Low
1882,Average
1886,Low
1887,Low
1888,Low
1889,High
1890,Low
1891,Average
1892,Low
1893,Low
1894,High
1895,Low
1896,High
1897,Average
1898,Low
1899,Low
1902,Low
1906,Low
1907,Average
1908,Low
1909,High
1910,Average
1911,Low
1912,High
1914,Low
1915,Average
1916,High
1917,Average
1918,Low
1920,Low
1921,Low
1922,High
1923,High
1924,Low
1925,Average
1929,High
1931,High
1933,High
1934,Low
1935,Low
1936,Low
1937,Average
1938,Average
1939,Average
1940,Low
1941,High
1942,Low
1943,Average
1944,Low
1945,Average
1946,Low
1947,Average
1948,High
1949,Low
1950,Low
1951,Low
1952,Low
1953,Low
1955,Low
1956,Average
1957,Low
1958,Low
1959,Average
1960,Average
1961,Average
1963,Low
1964,Low
1965,Low
1966,Low
1967,Average
1968,High
1969,High
1972,Low
1974,Low
1976,Average
1977,Low
1978,Low
1979,Average
1980,Average
1981,Low
1982,High
1983,Low
1984,High
1985,Low
1986,Average
1987,Average
1988,Average
1989,Low
1990,Low
1991,Low
1992,Low
1993,Low
1994,Low
1995,High
1996,Low
1997,Low
1998,High
1999,Low
2001,Average
2002,Low
2003,Low
2004,Low
2005,Average
2006,Average
2007,Low
2008,Average
2009,High
2010,Low
2011,Low
2012,Low
2013,Low
2014,Low
2015,Low
2016,Average
2017,Low
2018,Average
2019,Low
2021,Low
2022,Low
2023,Average
2024,Low
2025,Low
2026,Low
2027,Low
2028,Low
2029,Low
2030,Average
2031,High
2032,Low
2033,High
2034,Low
2035,Average
2036,Average
2038,High
2039,Low
2040,Average
2041,Low
2042,Average
2044,Low
2045,Low
2046,Low
2047,High
2052,High
2053,Average
2054,Low
2055,Average
2056,Low
2058,High
2059,Low
2060,Low
2061,Low
2062,Average
2063,Low
2064,Low
2068,Low
2070,Average
2071,Low
2073,Low
2074,Low
2075,Average
2076,Average
2077,Low
2078,Low
2080,Low
2081,Average
2082,Average
2083,Low
2084,Average
2085,Average
2086,Low
2087,High
2090,Low
2092,Average
2093,Low
2094,Average
2095,Average
2097,Low
2098,Low
2099,Low
2100,Low
2102,High
2105,Low
2106,Low
2108,Low
2109,Low
2111,High
2113,Low
2114,Average
2115,Low
2116,Low
2117,High
2118,Low
2119,Low
2120,Average
2121,Low
2122,High
2123,Average
2124,Low
2125,Average
2126,Low
2127,Average
2128,Low
2129,Low
2131,Low
2132,Low
2133,Average
2134,High
2135,Average
2136,Low
2137,Low
2138,Low
2139,Low
2140,Average
2141,Average
2142,High
2143,Low
2144,Low
2145,Low
2146,Low
2148,Low
2149,Low
2150,High
2151,Low
2152,Low
2153,Low
2154,Average
2155,Average
2158,Low
2160,Low
2162,Low
2163,Average
2165,High
2166,Low
2167,Low
2168,Low
2169,Low
2170,High
2171,Low
2172,Low
2173,Low
2174,Low
2175,Average
2177,Low
2178,High
2179,Low
2181,Average
2182,Low
2185,Low
2186,Low
2187,Low
2188,Low
2189,Low
2190,High
2191,Low
2192,Low
2193,Low
2194,Low
2195,Low
2196,Low
2197,Low
2198,Low
2199,High
2200,High
2201,High
2203,Average
2204,Average
2205,Low
2206,Low
2207,Low
2208,High
2209,Low
2210,Low
2211,Average
2212,Low
2213,Average
2214,Low
2215,Low
2216,Low
2217,Low
2219,Low
2220,High
2221,Average
2222,Low
2223,Average
2224,Low
2225,High
2226,Low
2227,High
2229,Average
2230,Low
2231,Average
2232,High
2233,Low
2236,High
2237,Low
2239,Low
2240,High
2241,Low
2242,Low
2243,Low
2244,Low
2245,Average
2246,Low
2247,Low
2248,High
2249,Low
2250,Low
2251,Low
2252,Low
2254,Average
2255,Low
2256,Low
2258,Low
2259,Low
2260,Low
2261,Low
2262,High
2263,Low
2264,Low
2265,High
2266,Low
2267,Low
2268,Low
2269,Low
2270,Low
2271,Low
2272,Average
2274,Low
2275,Low
2276,Low
2277,Average
2278,Low
2279,High
2281,Low
2284,Average
2285,Low
2287,Low
2289,Low
2290,Low
2292,Low
2293,Low
2294,Low
2295,Low
2296,Low
2297,Low
2298,Low
2300,Low
2301,Average
2302,Average
2303,Average
2304,High
2305,Low
2306,High
2307,Low
2308,Low
2309,Low
2311,Low
2312,Average
2315,Low
2316,Low
2317,Low
2318,High
2319,Low
2321,Low
2322,Low
2323,Low
2324,High
2325,Low
2326,Low
2327,High
2329,Average
2331,High
2333,Low
2334,High
2335,Low
2337,Average
2338,Average
2339,Low
2340,Average
2341,Low
2343,Average
2344,Low
2346,Low
2347,Average
2348,Low
2349,Low
2350,Average
2351,High
2352,Low
2354,Low
2355,Low
2356,Low
2357,Average
2359,Low
2360,Low
2361,High
2362,Low
2363,Low
2364,Low
2365,Average
2367,Average
2368,Low
2369,Low
2370,Low
2371,Average
2372,Average
2373,Low
2374,Low
2375,Low
2376,Low
2377,Low
2378,Low
2379,Average
2380,Average
2381,Average
2382,Low
2383,Low
2385,Low
2386,Low
2387,Low
2388,Low
2389,Average
2391,Low
2393,Low
2394,Average
2395,Low
2397,High
2398,Low
2399,Low
2400,Low
2401,Low
2403,Low
2407,Average
2408,Low
2409,Low
2410,Low
2411,Low
2412,Low
2413,Low
2414,Average
2415,High
2416,Low
2417,Low
2418,Low
2419,Low
2420,Average
2421,Low
2422,Low
2424,Low
2425,Low
2426,Low
2427,Low
2428,Low
2429,Average
2430,High
2431,Average
2432,High
2434,High
2435,High
2437,Low
2438,Low
2439,Low
2440,Low
2441,Low
2442,High
2443,Average
2444,Average
2445,Low
2447,Low
2448,Low
2449,Low
2450,Low
2451,Low
2452,Low
2453,High
2454,Low
2455,Low
2456,Low
2457,Low
2458,Low
2460,Low
2461,Average
2463,Low
2464,Low
2465,Average
2466,Average
2467,Low
2468,Low
2469,Average
2470,Average
2471,High
2472,Average
2473,Low
2474,Average
2475,Low
2476,Low
2478,Low
2479,Low
2481,Low
2482,Low
2484,Low
2485,Low
2487,Low
2488,High
2489,High
2490,High
2492,Low
2493,High
2494,Average
2495,Low
2496,Low
2498,High
2500,Average
2503,Low
2504,High
2505,Low
2507,Average
2508,Low
2509,High
2510,Average
2511,Average
2514,Low
2515,High
2517,Low
2518,Low
2519,Low
2520,Average
2522,Low
2524,Low
2525,Low
2526,High
2527,Average
2528,Low
2529,Low
2531,High
2533,Low
2535,Average
2536,Low
2537,High
2538,Low
2539,High
2540,Low
2541,Average
2542,High
2543,Average
2547,Low
2549,Low
2550,Low
2551,High
2552,Average
2554,Average
2556,Low
2557,Average
2558,Low
2559,Low
2560,Low
2561,Low
2562,Low
2563,Average
2564,Low
2565,High
2567,Average
2568,High
2569,Low
2570,Low
2571,Average
2572,Low
2573,Low
2574,Average
2575,Average
2576,Average
2577,Low
2579,Average
2580,Average
2581,Average
2582,Low
2584,High
2586,Average
2587,High
2588,Low
2590,Low
2591,Low
2592,Average
2593,Low
2594,Low
2595,Low
2596,Low
2598,Average
2599,Low
2601,Average
2602,Low
2603,Low
2604,High
2606,Average
2608,Average
2609,Low
2610,Low
2611,Average
2612,Low
2613,Low
2614,Low
2615,Low
2616,Average
2617,Low
2618,Low
2619,Average
2620,Low
2621,Low
2623,Low
2624,High
2625,Average
2627,Low
2628,High
2629,Average
2630,Average
2631,Low
2633,Low
2634,Low
2635,Low
2636,Average
2637,Low
2638,Average
2639,Low
2640,Average
2642,Low
2643,Low
2644,Low
2645,Low
2646,Low
2647,Low
2649,Low
2650,Low
2651,Low
2652,Low
2653,Average
2654,High
2655,Low
2656,High
2657,Low
2658,Low
2659,Average
2660,Average
2661,Low
2662,Low
2663,High
2664,High
2667,Low
2668,Low
2670,High
2673,Low
2674,Average
2675,Low
2676,Average
2679,Low
2682,Average
2684,Low
2685,Low
2686,Low
2687,Low
2688,Average
2689,Average
2690,High
2691,Average
2692,Low
2693,Average
2694,Low
2695,Low
2697,High
2698,Average
2700,High
2702,Low
2703,High
2704,Average
2705,Average
2706,Low
2707,High
2709,Low
2710,Average
2711,Low
2712,Low
2713,Low
2714,Average
2715,Low
2716,Low
2718,Low
2719,High
2720,Average
2721,Low
2723,Low
2724,High
2725,Low
2726,Low
2727,High
2728,High
2729,Average
2731,Low
2732,Low
2733,High
2734,Average
2735,Low
2737,Low
2739,High
2740,Average
2741,Low
2742,Low
2743,Low
2745,Low
2746,Low
2747,Low
2748,Low
2749,Average
2750,Low
2751,Low
2752,Low
2754,High
2755,Low
2756,Low
2757,Low
2758,Low
2759,Low
2761,Low
2762,Low
2763,Low
2765,High
2767,Low
2770,High
2771,Low
2772,Low
2773,Low
2774,High
2775,Low
2776,High
2777,Low
2778,Low
2779,Low
2780,Average
2781,Average
2782,Average
2783,Low
2785,Low
2786,Low
2787,Low
2790,Low
2791,Average
2792,Low
2793,Low
2795,Low
2796,High
2797,Low
2798,Low
2800,Average
2801,Average
2803,Low
2804,Low
2805,Low
2807,Low
2808,Average
2809,High
2810,Low
2811,Average
2812,Low
2814,Average
2815,Average
2816,Average
2817,Low
2818,Low
2819,Average
2821,Low
2822,Low
2823,Low
2824,Low
2825,Low
2826,Average
2827,Low
2828,Low
2829,Average
2830,Low
2831,Low
2834,Average
2835,Average
2836,Low
2837,High
2838,High
2839,Low
2840,High
2841,Average
2843,Average
2844,Average
2845,Low
2846,High
2847,Low
2848,Low
2849,Low
2850,Low
2851,Low
2852,Average
2853,High
2854,Low
2855,High
2856,High
2857,Low
2858,Average
2859,Low
2860,Low
2861,Low
2864,Low
2865,Low
2866,Low
2867,Low
2868,Low
2869,Low
2870,Low
2871,High
2872,High
2873,Low
2874,Low
2875,Low
2876,Low
2878,Low
2879,Low
2880,Low
2883,High
2886,Low
2887,Low
2888,Low
2889,Average
2890,Low
2891,Low
2893,Low
2894,Low
2895,Low
2896,High
2897,Low
2898,Average
2899,Low
2902,Low
2903,Low
2904,High
2905,Low
2906,Low
2907,High
2908,Low
2909,Low
2910,Average
2911,Average
2912,Low
2913,Average
2914,Low
2915,Low
2916,Low
2918,Low
2919,High
2920,Low
2921,Low
2924,Average
2926,Low
2928,Low
2930,Low
2932,Low
2933,Low
2934,Low
2935,Low
2936,Low
2938,Low
2939,Low
2940,High
2942,Average
2943,Average
2944,Low
2945,Average
2946,Low
2948,Low
2949,High
2951,Low
2953,High
2954,Low
2955,Low
2957,Low
2958,Average
2959,Average
2960,Low
2962,Average
2963,Average
2964,Low
2965,Low
2966,High
2967,Average
2968,Average
2969,Low
2970,Low
2971,Low
2973,Average
2974,Low
2975,Average
2977,Low
2981,High
2982,Low
2983,Average
2984,Low
2985,Low
2986,Low
2987,Low
2988,Average
2989,Low
2990,Low
2991,Low
2992,Low
2993,Low
2994,Average
2996,Low
2997,Average
2998,Low
2999,Low
3000,Low
3001,High
3002,Low
3003,Low
3005,Low
3006,Low
3007,High
3008,High
3009,High
3010,Average
3011,Low
3012,Low
3013,Low
3014,Low
3015,Low
3016,Low
3017,Low
3018,Low
3019,Low
3020,Low
3021,Average
3022,Low
3023,Low
3024,Low
3025,Average
3027,Average
3029,Average
3030,Average
3031,Low
3032,Average
3033,Low
3034,Average
3035,High
3036,Low
3037,Average
3038,Low
3039,Low
3040,High
3041,Average
3043,Average
3044,Low
3045,Low
3049,Low
3051,High
3052,Average
3053,Low
3054,Low
3055,Low
3056,Average
3057,Low
3058,High
3059,Low
3060,Low
3061,Low
3063,Low
3064,Low
3065,Average
3066,Average
3067,Average
3068,High
3069,Low
3070,Low
3072,Average
3073,Low
3074,Average
3076,Low
3078,Low
3080,High
3081,Average
3082,Low
3083,Low
3084,Low
3085,Low
3086,Average
3087,Low
3088,Low
3089,Low
3091,Average
3093,Average
3094,High
3095,Average
3096,Low
3097,Low
3098,High
3099,High
3100,Low
3101,Average
3103,Low
3105,Low
3106,Low
3107,High
3108,High
3109,Low
3110,Low
3111,Average
3112,Average
3113,Low
3114,Low
3115,Low
3116,High
3117,Low
3118,Low
3119,Low
3123,Low
3124,Low
3125,Average
3127,Low
3129,Low
3130,High
3131,Low
3132,Low
3133,Low
3134,Low
3135,Low
3137,Low
3138,Low
3140,Low
3142,Low
3144,High
3145,Low
3146,Low
3147,High
3148,Low
3149,Low
3151,Low
3153,Average
3154,Low
3155,Low
3156,Low
3157,Low
3158,Average
3159,Low
3160,Average
3162,Low
3163,Low
3164,Low
3165,Low
3166,Average
3167,Low
3168,High
3169,Low
3170,Average
3171,Low
3172,Average
3174,Low
3175,Average
3176,High
3177,Low
3178,Low
3180,Low
3181,Low
3182,Low
3183,High
3184,Low
3185,Low
3187,Low
3188,Low
3189,Low
3190,Average
3191,High
3192,Average
3194,Low
3195,Low
3196,Average
3197,Low
3198,High
3200,Low
3201,Low
3203,Low
3205,Low
3207,Low
3209,Average
3210,Low
3211,High
3212,Low
3214,Average
3215,Low
3216,Average
3218,High
3219,High
3220,Average
3221,High
3222,Average
3223,Low
3224,Average
3225,Average
3227,Average
3228,Low
3229,Low
3230,Average
3231,Average
3232,Low
3234,Average
3235,High
3236,High
3237,Low
3239,Average
3240,Low
3241,Low
3242,Low
3243,Low
3245,Average
3246,Low
3247,Average
3248,High
3249,Average
3250,Low
3251,Low
3252,Low
3253,Average
3254,Low
3255,Low
3256,Average
3257,Low
3258,Low
3259,High
3260,Average
3261,Average
3262,Low
3263,Low
3264,Low
3265,Low
3266,Low
3267,Low
3268,Low
3270,High
3273,Average
3274,Average
3275,Average
3276,Low
3277,Low
3278,High
3279,High
3280,High
3282,Low
3283,Low
3286,Low
3287,Average
3288,Low
3289,Low
3290,High
3291,Low
3292,Average
3293,Low
3296,High
3297,Average
3298,Average
3300,Average
3301,Low
3302,High
3303,Low
3304,High
3306,High
3307,Low
3308,Low
3309,Average
3310,Low
3311,Low
3312,High
3313,Average
3314,Average
3315,Low
3316,Average
3317,Low
3318,Low
3319,High
3320,Low
3321,Low
3322,Low
3323,High
3324,Average
3326,Low
3327,Average
3328,Low
3329,Low
3331,Low
3332,Average
3333,Low
3334,Low
3335,High
3336,Low
3337,Average
3340,Low
3341,Low
3342,Low
3343,Average
3344,Average
3345,Low
3346,Low
3348,Average
3349,Low
3350,Average
3351,Low
3352,Average
3353,Low
3354,Low
3357,Average
3358,High
3359,Average
3360,Average
3361,High
3363,Low
3364,Low
3365,Low
3366,Average
3367,Average
3368,Average
3369,Average
3370,Low
3372,Average
3373,High
3374,High
3375,Low
3377,Low
3379,Low
3381,Low
3382,Average
3386,Low
3387,Average
3388,High
3389,High
3391,Low
3393,Low
3394,Low
3395,Low
3396,Low
3397,Average
3399,Low
3400,High
3401,High
3402,Low
3404,Low
3405,High
3407,Average
3408,Low
3409,Low
3410,High
3411,Low
3412,Low
3413,Average
3414,Low
3415,Low
3416,Low
3417,Low
3418,Low
3420,Low
3421,Average
3422,High
3423,Average
3425,Average
3426,High
3427,Average
3428,Average
3429,High
3430,Low
3431,High
3432,High
3433,Average
3434,High
3435,High
3437,Low
3438,Low
3439,Average
3440,Low
3441,Average
3442,Low
3443,Low
3444,Low
3445,High
3446,High
3447,Average
3449,High
3452,Average
3453,Low
3454,Low
3455,Low
3456,Low
3457,High
3458,Low
3459,Low
3460,Low
3461,Average
3462,High
3463,Low
3464,Low
3465,Low
3467,Average
3468,High
3469,High
3470,High
3471,Low
3472,High
3473,Low
3474,Low
3475,Low
3476,Low
3477,Average
3478,Low
3480,Average
3481,Average
3482,Low
3483,Low
3484,Low
3485,Average
3486,High
3487,Low
3488,Low
3489,Low
3490,Low
3491,Average
3492,High
3494,Low
3495,Low
3496,Low
3498,High
3499,Low
3502,Low
3504,Low
3505,Average
3506,Low
3507,Average
3508,Average
3509,Average
3510,Low
3511,Low
3513,Average
3514,Average
3515,High
3516,Low
3517,Average
3518,Average
3519,Average
3520,Average
3521,Low
3522,High
3523,High
3525,Low
3526,Low
3527,Average
3528,Low
3529,Average
3531,Low
3532,High
3534,Average
3535,Low
3536,Low
3537,High
3538,Low
3539,Low
3540,Average
3541,Average
3542,Average
3543,Average
3544,Average
3545,Low
3546,Low
3547,Low
3548,Low
3549,Low
3550,Low
3551,High
3552,Low
3554,High
3555,Low
3556,Average
3557,Low
3558,Low
3559,Low
3560,Low
3561,Low
3563,Low
3565,Low
3566,High
3567,High
3568,Low
3570,Low
3571,Low
3572,Low
3573,Low
3574,Low
3575,High
3576,High
3577,High
3578,Low
3579,Low
3580,High
3581,Low
3583,Average
3584,Low
3585,Low
3586,Average
3587,Low
3588,High
3589,Low
3590,Low
3591,Low
3592,Low
3593,Average
3594,Low
3595,Low
3596,Low
3597,Average
3598,Average
3599,Average
3600,High
3601,Low
3603,Low
3604,Low
3606,Low
3609,Low
3610,Average
3611,Low
3612,High
3613,Low
3614,High
3615,Low
3616,Low
3617,Low
3620,Average
3621,Low
3622,Average
3623,High
3624,Average
3625,High
3626,High
3627,Low
3628,Low
3630,Low
3631,Low
3632,High
3634,Low
3635,Low
3636,Low
3637,Low
3638,Low
3639,Low
3640,Average
3641,Low
3642,Low
3643,High
3645,Average
3646,Average
3647,Low
3648,Low
3649,Low
3650,Low
3651,Low
3652,High
3654,Low
3655,Average
3656,Low
3657,Low
3658,Low
3659,Low
3660,Low
3661,Low
3663,High
3664,Low
3665,Low
3666,Low
3667,Average
3668,Average
3669,Low
3670,High
3672,Average
3673,Low
3674,Low
3676,Average
3677,Low
3678,Low
3679,Average
3680,High
3681,High
3683,Low
3684,Low
3686,High
3687,Low
3688,Low
3689,Low
3692,Low
3693,Low
3694,Low
3695,Average
3696,High
3698,Average
3699,Low
3700,Low
3701,High
3702,Average
3703,Average
3704,Average
3706,Average
3707,Low
3708,Average
3709,High
3710,Low
3711,Low
3712,Low
3713,Low
3714,Low
3715,Low
3716,Low
3717,Low
3719,Low
3720,Average
3721,Low
3722,Average
3723,Low
3725,Low
3727,Low
3729,Low
3730,Low
3731,Low
3733,Low
3734,Low
3735,Average
3736,Low
3738,Low
3739,Average
3740,Average
3741,Average
3743,Low
3744,Low
3746,High
3747,Low
3748,Low
3750,Low
3751,Average
3752,Low
3753,Low
3755,High
3756,Average
3758,High
3759,Low
3761,Low
3762,Average
3763,High
3764,Low
3765,Low
3766,Average
3767,Low
3768,Low
3769,High
3770,Average
3771,Low
3772,Average
3773,Low
3774,Average
3775,Low
3777,Average
3779,Average
3780,High
3781,Low
3782,Low
3783,Low
3784,Low
3785,High
3786,Low
3787,Low
3788,Average
3790,Average
3792,Low
3793,Low
3794,Low
3796,Low
3797,High
3798,Low
3799,Low
3800,Low
3801,Low
3803,Average
3804,Low
3805,Low
3806,Average
3807,Low
3808,Low
3809,Low
3811,Low
3812,Average
3813,Low
3814,Low
3815,Low
3816,Average
3818,Low
3819,High
3821,Low
3822,Low
3823,Low
3825,Low
3826,High
3828,Low
3829,Low
3830,High
3831,Low
3833,High
3834,Low
3835,Low
3836,Low
3837,Average
3838,Average
3839,Low
3840,Average
3841,High
3842,High
3843,Low
3844,Low
3845,Low
3846,Low
3847,High
3848,Low
3849,Low
3850,Low
3851,Low
3853,Low
3854,Low
3855,Low
3857,Average
3858,Average
3859,Low
3860,Low
3863,Low
3865,Low
3866,Average
3867,Low
3868,Low
3869,Low
3871,Low
3872,Average
3873,Average
3875,Low
3877,Low
3878,Low
3879,Low
3880,Low
3881,Low
3883,Low
3884,Average
3885,Low
3886,Low
3889,Low
3890,Low
3891,High
3892,Average
3893,Low
3895,Low
3896,Low
3897,Low
3898,Average
3900,Low
3902,Low
3903,Average
3904,Average
3906,Average
3907,High
3908,Low
3909,High
3910,Low
3911,High
3915,Low
3917,Average
3918,Low
3919,Average
3920,Low
3921,Average
3922,Average
3923,Low
3924,Low
3925,Average
3926,Low
3928,Low
3929,Low
3930,Low
3931,Average
3932,Low
3933,High
3934,Low
3935,Average
3936,Low
3937,Low
3938,Average
3939,Low
3940,High
3941,Low
3942,High
3943,Average
3945,Low
3946,Average
3947,Average
3949,Average
3950,Low
3951,Low
3953,Low
3954,Low
3957,Average
3958,Low
3959,Low
3960,High
3961,Low
3962,Low
3963,Average
3964,Low
3965,Average
3967,Low
3969,High
3970,Low
3971,Low
3972,Low
3973,Low
3974,Average
3975,High
3976,Average
3977,Low
3978,Average
3979,Low
3980,Average
3981,High
3982,Low
3984,Low
3985,Low
3986,Average
3987,Average
3988,Low
3989,Average
3991,Average
3993,Low
3996,Low
3997,Average
3998,High
4000,Average
4001,Average
4002,Low
4003,High
4004,Average
4005,Average
4006,High
4007,Low
4008,Low
4009,Low
4010,Low
4011,Low
4012,Low
4013,Low
4015,Low
4016,Low
4017,Low
4018,Low
4019,Low
4020,High
4021,Low
4022,Low
4023,Low
4024,Low
4025,Average
4026,Low
4027,Low
4028,Low
4031,Average
4032,Low
4033,Low
4034,Low
4035,Low
4036,Average
4037,Low
4039,Low
4041,Low
4043,High
4044,Low
4045,Average
4046,High
4048,High
4049,Low
4050,Low
4051,Low
4052,Low
4053,Low
4055,Low
4056,Average
4058,Average
4059,High
4061,Low
4062,High
4063,Average
4064,Low
4065,Low
4066,Average
4067,High
4068,Average
4069,High
4070,Low
4071,Low
4072,Low
4073,Average
4074,High
4075,Average
4076,Low
4078,Average
4080,High
4081,Low
4082,Average
4083,Low
4084,Low
4085,High
4086,Low
4087,Average
4088,Average
4089,Low
4090,Average
4091,Low
4092,Low
4093,Low
4094,Low
4096,Low
4097,High
4098,Low
4099,Average
4100,Low
4101,Low
4102,Low
4103,Low
4104,Average
4105,Low
4107,Low
4108,Average
4109,Low
4110,Low
4111,Low
4112,Low
4113,High
4115,Average
4116,Low
4117,Average
4119,Low
4120,Low
4121,Low
4122,Low
4123,Low
4124,Low
4125,Low
4126,Average
4127,Low
4130,High
4131,Low
4132,Low
4133,Average
4134,High
4136,Low
4138,Low
4139,High
4140,Average
4142,Low
4143,Low
4144,High
4145,Low
4146,Low
4147,Low
4149,Low
4150,Low
4151,Low
4152,Low
4153,Low
4154,Average
4155,Low
4156,Low
4158,Low
4159,Average
4160,Average
4161,Low
4162,Low
4163,Low
4164,High
4165,Low
4166,Average
4167,Low
4168,Average
4169,Low
4170,Low
4171,Low
4172,High
4173,Low
4174,Low
4175,Low
4176,High
4177,Low
4179,Low
4180,Low
4181,High
4182,High
4183,High
4184,Average
4185,Low
4186,Average
4187,Low
4188,Low
4189,Low
4190,High
4191,Low
4192,Average
4193,Average
4194,Low
4195,Low
4196,Low
4197,Low
4198,Low
4199,High
4200,High
4201,Low
4202,Low
4203,Average
4204,Average
4205,Average
4206,Low
4207,Low
4209,Average
4210,Low
4211,Low
4212,Low
4213,Average
4214,Low
4215,Average
4217,Low
4218,Low
4219,Low
4220,Low
4221,Low
4222,Average
4223,Low
4224,High
4225,Low
4226,High
4227,High
4228,Low
4229,Low
4230,Low
4231,Low
4233,Average
4234,Low
4236,Average
4237,High
4238,Average
4239,Average
4240,Average
4243,Low
4244,Low
4246,Low
4247,High
4248,High
4249,Low
4250,Low
4251,Low
4252,High
4253,Low
4254,Average
4255,Low
4257,Low
4258,Average
4259,Low
4260,Low
4261,Average
4262,Low
4263,Low
4264,Low
4265,Low
4266,Average
4268,Low
4269,Low
4270,Low
4271,Low
4272,Low
4273,Average
4274,Low
4276,Low
4277,Low
4278,Low
4279,Average
4281,Low
4282,Low
4283,Average
4284,Low
4285,High
4286,Low
4287,Low
4288,Average
4289,Low
4290,Average
4291,High
4292,Low
4293,High
4295,Low
4296,Low
4297,High
4298,Low
4299,Low
4300,Average
4301,High
4302,Low
4304,Average
4305,Low
4306,Average
4309,Low
4312,Low
4313,Low
4314,Average
4316,Low
4317,Low
4318,Average
4319,Low
4320,Low
4321,Low
4323,High
4324,Average
4325,Average
4328,High
4329,Average
4330,High
4331,High
4332,Average
4333,Low
4335,Low
4336,Low
4337,Low
4338,Average
4339,Low
4340,Low
4341,High
4343,Low
4344,Average
4345,Average
4346,Low
4348,Low
4350,Low
4351,High
4352,High
4353,Low
4355,Low
4356,Average
4358,Low
4359,Low
4360,Average
4361,Low
4362,Low
4363,High
4364,Low
4365,High
4366,High
4370,Low
4371,Average
4373,Average
4374,High
4377,Average
4378,Low
4379,Low
4380,High
4381,Low
4382,High
4383,Low
4384,Average
4385,High
4386,High
4387,Average
4388,Low
4389,Low
4390,Average
4391,Average
4394,Low
4395,Low
4396,Average
4397,High
4398,Average
4399,Low
4400,Low
4401,Low
4402,Average
4403,Average
4404,Low
4405,Average
4408,High
4409,Average
4410,Average
4411,High
4412,Low
4413,Average
4414,Low
4415,Low
4416,Low
4417,Low
4418,High
4420,Average
4423,Low
4424,Low
4425,Low
4426,Low
4428,Low
4429,Average
4430,Average
4431,High
4433,Low
4434,Low
4435,Low
4436,Low
4437,Low
4438,Low
4439,Low
4440,Low
4441,Average
4442,Average
4443,Low
4444,Average
4445,Low
4446,Low
4447,Low
4448,Average
4449,Average
4451,High
4452,High
4453,High
4454,Low
4455,Low
4456,Average
4457,Low
4459,Low
4460,Average
4461,Low
4462,Average
4464,High
4465,Low
4466,Low
4469,Low
4470,Low
4471,Average
4472,Average
4473,Average
4474,Average
4475,Average
4477,Average
4478,Low
4479,Low
4480,High
4481,Low
4482,High
4483,Low
4484,High
4485,Low
4486,Average
4487,Low
4488,Low
4490,Low
4492,Low
4493,Average
4494,Low
4495,Average
4497,Low
4498,High
4500,High
4501,Average
4503,High
4504,Average
4505,Average
4507,High
4509,Low
4510,Low
4511,High
4512,Low
4513,Low
4514,High
4515,High
4516,Average
4517,High
4520,Low
4521,Low
4523,Low
4524,Low
4526,High
4527,Average
4529,Low
4530,Low
4531,Low
4532,Average
4533,Average
4534,Low
4535,Low
4536,Low
4537,Low
4538,Low
4540,High
4541,Low
4542,Average
4543,Average
4544,Low
4545,Low
4550,Low
4551,Low
4553,Low
4554,Low
4555,Average
4556,Low
4557,High
4559,Low
4560,Low
4561,Low
4562,Average
4566,High
4567,Average
4568,Low
4569,Average
4570,Low
4571,Low
4572,Low
4573,Low
4574,Low
4576,Low
4577,Average
4578,High
4579,Low
4580,Average
4581,Average
4582,High
4583,Average
4584,High
4585,Low
4587,Low
4589,Low
4590,Low
4591,Low
4592,Low
4594,Average
4596,Low
4597,Average
4598,Average
4599,High
4600,Low
4602,Low
4603,Low
4604,Low
4605,Low
4606,High
4607,Low
4608,High
4611,Average
4612,Low
4613,Low
4615,High
4618,Low
4620,Low
4622,Average
4623,Average
4624,High
4625,Low
4626,Low
4627,Average
4628,Average
4630,Low
4631,High
4632,Average
4633,Low
4634,Low
4635,Low
4636,Average
4637,Low
4639,Low
4640,High
4641,Low
4642,Average
4643,Low
4644,Low
4645,Average
4646,Low
4647,Average
4648,Low
4649,Low
4650,Average
4651,High
4652,Average
4653,Low
4654,High
4655,Low
4656,Low
4657,Average
4658,Low
4659,Low
4660,Average
4661,Low
4663,Low
4664,Low
4666,Low
4667,Average
4668,Average
4669,Low
4670,Average
4672,Low
4673,Low
4674,Low
4675,Low
4676,Low
4677,Low
4679,Low
4680,Low
4681,Low
4682,Low
4683,Low
4684,Low
4685,Average
4686,Low
4687,Low
4688,Low
4689,Low
4690,Average
4691,Low
4692,High
4693,Low
4694,Low
4695,Low
4696,Low
4697,High
4698,High
4699,Low
4701,Low
4702,High
4704,Average
4705,Average
4706,Low
4708,Low
4710,Low
4711,Low
4712,Low
4713,Average
4714,Low
4715,Average
4716,Low
4717,Low
4718,Low
4719,Low
4720,Low
4721,High
4722,Low
4723,Low
4724,Low
4725,High
4726,Low
4727,High
4728,Low
4729,Average
4730,Low
4731,Low
4732,Low
4733,High
4734,Low
4735,Average
4736,Average
4737,Low
4738,Low
4739,Low
4741,High
4745,Low
4746,Low
4747,Average
4748,Low
4749,Low
4750,Low
4752,Low
4753,Average
4754,Low
4755,Average
4756,Low
4759,Low
4760,Low
4761,Low
4762,Low
4763,Low
4766,Low
4767,Low
4768,Low
4769,Low
4771,Low
4772,Low
4773,Low
4774,Average
4775,Low
4776,Low
4777,Average
4778,Average
4779,Low
4780,Low
4781,Low
4783,Average
4784,Low
4785,Low
4786,Average
4787,High
4788,High
4789,Low
4790,Low
4791,Average
4792,Low
4793,Average
4795,Average
4796,Average
4797,High
4798,Average
4799,Average
4800,Low
4802,Average
4803,High
4804,Low
4805,Low
4806,Low
4809,Low
4811,Average
4812,Low
4813,Low
4814,High
4815,Average
4816,High
4817,High
4818,Low
4819,Average
4820,Low
4821,Low
4822,Low
4823,Low
4824,Low
4826,Low
4827,Low
4828,Low
4829,Low
4830,Low
4831,High
4833,Low
4835,High
4837,Low
4838,Low
4839,Low
4840,High
4841,Low
4842,Low
4843,Low
4844,Low
4845,Low
4846,Average
4847,Low
4849,High
4850,Average
4851,Average
4852,Low
4853,Low
4854,Low
4855,High
4856,Average
4857,Low
4858,High
4859,Average
4860,Low
4861,Average
4863,Average
4864,Average
4865,Average
4866,Low
4867,Average
4868,Low
4869,Average
4870,Low
4871,Low
4872,Low
4873,High
4874,Low
4875,Low
4876,Low
4877,Low
4878,Low
4879,Average
4880,High
4881,Low
4882,Average
4883,Average
4884,Low
4885,Low
4886,Low
4887,Low
4888,Average
4889,Low
4890,Low
4891,Low
4892,Low
4893,High
4894,Average
4895,Average
4896,Average
4898,Average
4899,Average
4900,Average
4901,Average
4902,High
4903,High
4904,High
4908,Average
4910,High
4911,Low
4912,High
4914,Low
4916,Low
4917,Low
4918,Average
4919,Low
4920,High
4922,High
4923,Average
4924,Low
4925,Low
4926,Low
4927,Low
4928,Low
4929,Average
4930,Low
4933,Low
4936,Average
4937,Low
4938,Low
4939,Low
4940,High
4941,Low
4943,Low
4944,Low
4946,Low
4947,Low
4948,Low
4950,Low
4951,Low
4952,Average
4953,Low
4954,Low
4956,High
4957,Low
4958,Average
4959,Low
4960,Average
4961,Low
4962,Low
4963,Low
4964,Low
4965,Low
4967,Low
4968,Average
4970,Low
4971,Low
4972,Low
4974,Average
4975,Average
4976,Low
4977,Low
4978,Low
4979,Low
4980,Low
4981,Low
4982,Average
4984,Low
4985,High
4986,Low
4988,Low
4989,High
4990,Low
4991,Low
4992,Low
4993,High
4994,Low
4995,Average
4996,High
4999,Low
5000,Low
5001,Low
5002,Low
5003,Average
5004,Low
5005,Low
5006,Low
5007,Average
5008,Low
5009,Average
5010,High
5012,High
5013,Low
5014,Low
5015,Low
5016,High
5017,High
5018,Average
5019,Low
5020,Low
5021,Low
5023,Average
5024,Low
5025,Average
5026,Low
5027,Low
5028,Average
5030,Average
5031,Low
5032,Low
5033,Average
5035,Low
5036,Low
5038,Average
5039,Average
5041,Low
5042,Low
5044,Low
5046,Average
5047,Low
5048,Low
5049,Low
5050,Low
5052,Average
5053,Low
5055,Average
5056,Average
5057,Low
5058,High
5059,High
5060,High
5061,Low
5062,Average
5063,Low
5064,Average
5065,Average
5066,Low
5067,Average
5068,Low
5069,Low
5070,Average
5071,High
5072,Average
5073,High
5074,Low
5075,Low
5076,High
5079,Low
5080,Low
5081,Average
5082,Low
5083,Low
5085,Low
5086,Low
5087,Low
5089,Low
5090,Low
5091,Average
5092,Low
5093,Low
5094,Average
5095,High
5096,Low
5097,High
5099,Low
5100,Low
5101,Low
5103,Average
5104,Low
5105,Average
5106,Low
5107,Average
5108,Average
5110,Average
5111,High
5112,High
5113,Average
5114,Low
5115,Low
5116,High
5118,Low
5119,Average
5122,Average
5126,Low
5127,High
5128,Low
5129,Average
5130,Low
5131,Low
5132,Low
5134,Low
5135,Low
5136,Low
5137,Low
5139,Average
5140,Average
5141,High
5142,Low
5143,Low
5144,Average
5145,Low
5146,Average
5147,High
5148,Average
5149,Low
5150,High
5151,Low
5152,Average
5153,Average
5155,Low
5157,Low
5158,Low
5159,Low
5160,Low
5162,High
5163,Low
5164,Low
5165,Low
5166,Low
5167,Low
5168,Average
5170,Low
5171,Average
5172,Low
5173,Low
5174,Low
5175,Low
5176,High
5177,Low
5178,Low
5180,Low
5181,Low
5182,High
5183,Low
5184,Low
5185,High
5187,Average
5188,Low
5190,Low
5191,Low
5192,Low
5195,High
5197,Low
5198,Low
5199,Low
5200,High
5201,Average
5203,Low
5204,Low
5205,Average
5206,High
5207,High
5208,Low
5209,Low
5210,Low
5212,Low
5213,High
5214,Average
5215,Low
5216,Low
5218,Average
5219,Low
5220,Low
5221,High
5223,Low
5224,High
5225,Low
5226,Low
5227,Low
5228,High
5230,Low
5231,Low
5232,High
5233,Average
5234,Average
5235,Average
5236,Average
5237,Low
5238,Low
5239,Low
5240,Average
5241,Low
5242,Average
5243,Low
5244,Low
5245,Low
5247,Low
5248,Low
5249,Low
5250,Low
5251,Low
5252,Low
5253,Low
5255,Low
5256,High
5257,Low
5258,Low
5260,Low
5261,Low
5262,Low
5263,Average
5264,Low
5265,Average
5268,High
5269,High
5270,Average
5271,Low
5272,Low
5273,Low
5274,Low
5276,Low
5277,High
5278,High
5279,Low
5280,Low
5281,Average
5282,Low
5284,Low
5285,Low
5286,Low
5288,High
5289,Average
5290,Low
5291,High
5293,Low
5294,High
5296,Low
5297,Low
5298,Average
5299,Low
5300,Low
5301,Average
5302,Low
5304,Low
5305,Low
5306,Low
5307,Average
5308,Low
5309,Low
5310,Low
5311,Low
5312,High
5313,Low
5314,High
5317,Low
5318,High
5319,Low
5320,Average
5321,Low
5322,Average
5323,Low
5324,Low
5325,Low
5326,Low
5328,High
5329,Low
5330,Average
5331,Low
5332,Average
5333,Low
5334,High
5335,Low
5336,Low
5337,Low
5339,Low
5340,Low
5341,Low
5342,Low
5343,Low
5344,Average
5345,Low
5346,Low
5347,Low
5348,Low
5349,High
5351,Low
5353,Low
5354,Low
5355,Average
5356,Low
5357,Low
5358,Average
5359,Low
5361,Low
5362,Low
5363,Average
5364,Low
5365,High
5366,Low
5368,Low
5369,Average
5370,Low
5371,Average
5374,Low
5377,Low
5378,Low
5379,Average
5380,Low
5381,Low
5382,Low
5383,Average
5385,Low
5386,Average
5387,Average
5388,Low
5389,Low
5390,Low
5392,Low
5394,Average
5395,Low
5396,High
5397,Average
5399,High
5400,Low
5403,Low
5404,Average
5405,Average
5406,Low
5407,Average
5408,Low
5410,Low
5411,Low
5412,Low
5413,Low
5415,Low
5416,Low
5417,Average
5418,Low
5419,High
5421,High
5422,Average
5424,Average
5425,High
5426,Low
5427,High
5428,Low
5429,Low
5430,Average
5432,Average
5433,High
5434,Low
5435,Average
5436,Average
5438,Low
5439,Low
5440,Low
5441,Low
5442,Average
5444,Low
5446,Low
5448,Low
5449,Low
5450,Average
5452,Low
5453,Low
5454,Low
5455,Average
5456,Low
5457,Average
5458,Low
5459,Low
5460,Average
5461,Low
5462,Low
5463,Low
5464,Low
5465,High
5468,Low
5470,Low
5471,Low
5473,Low
5474,Low
5475,Low
5476,High
5477,Low
5479,Low
5480,High
5483,Average
5486,Low
5488,Average
5489,Low
5490,High
5491,Average
5492,Average
5494,Low
5495,Average
5496,High
5497,Low
5498,Low
5499,Low
5500,Average
5501,Low
5502,Low
5503,Low
5505,High
5506,Average
5507,High
5509,High
5510,Average
5511,Low
5512,Low
5513,High
5514,Low
5515,Low
5517,Average
5518,Low
5519,Low
5520,Low
5522,High
5524,Low
5525,Low
5526,Low
5529,Average
5530,High
5531,Low
5533,Average
5534,Average
5535,Low
5536,High
5537,Low
5538,Low
5539,Average
5540,Average
5541,Low
5542,Low
5543,High
5544,Average
5545,Low
5546,High
5547,Low
5548,High
5549,Low
5550,Low
5551,Low
5552,Low
5553,Low
5554,Low
5556,Low
5557,Low
5559,Low
5560,Average
5562,High
5563,Low
5564,Low
5565,Average
5567,High
5568,Low
5569,Low
5570,High
5571,Low
5572,Low
5573,Average
5574,Average
5575,Low
5576,Low
5577,Low
5578,High
5579,Low
5580,Low
5581,Low
5582,Low
5583,High
5585,Low
5586,Average
5587,Low
5590,Average
5591,Average
5592,High
5593,High
5594,Average
5595,Average
5596,High
5597,Low
5598,Low
5599,Low
5600,Low
5601,High
5603,Low
5604,Low
5605,Low
5606,Average
5607,Average
5608,Low
5609,Low
5610,Average
5611,Low
5612,Low
5613,Low
5616,Average
5617,Low
5618,High
5619,Low
5621,High
5622,Low
5623,Average
5626,High
5627,Low
5628,Low
5630,Low
5631,Average
5632,High
5633,Low
5635,Low
5636,Average
5637,Average
5638,Average
5639,Low
5642,Low
5643,Average
5645,Low
5647,Low
5648,Low
5649,Low
5650,Average
5651,High
5652,Low
5653,Low
5654,Low
5655,Low
5656,Low
5657,Low
5658,Low
5659,Average
5660,High
5661,High
5663,Average
5665,Average
5666,Average
5667,Average
5668,Low
5669,Low
5670,Low
5672,Low
5673,Low
5674,High
5675,High
5676,Low
5678,Low
5679,Average
5680,Low
5681,Average
5682,Average
5684,Low
5686,Low
5687,Low
5688,High
5689,Low
5690,Average
5691,Low
5692,High
5693,Low
5694,Low
5696,Low
5698,Average
5699,Average
5700,Low
5702,Low
5703,Low
5706,Low
5707,Low
5708,High
5709,Low
5710,Low
5711,Low
5712,Low
5713,Low
5714,Average
5715,Average
5716,Low
5717,Low
5718,Low
5719,Low
5720,High
5721,Low
5722,Low
5723,High
5724,Low
5725,Low
5726,Average
5727,Average
5728,Low
5729,Low
5730,Average
5731,Low
5732,Low
5737,Low
5738,Low
5739,Average
5740,High
5741,Low
5742,Low
5743,High
5745,High
5747,Low
5748,Low
5749,Low
5750,High
5751,High
5752,Low
5753,High
5755,High
5756,Low
5757,Low
5758,High
5760,High
5761,Average
5762,Low
5763,Low
5764,Low
5765,Low
5766,Average
5767,Average
5768,Average
5769,High
5771,High
5772,High
5775,Low
5776,Low
5777,High
5778,Average
5779,High
5781,Average
5782,Average
5784,High
5785,Average
5786,Low
5787,Low
5788,Low
5790,Low
5791,Average
5793,Low
5795,Low
5796,Low
5797,High
5798,Average
5799,High
5800,Low
5801,Low
5802,Low
5803,Average
5804,Low
5805,Low
5806,Average
5807,Low
5808,Low
5809,Low
5810,Average
5813,Low
5814,Low
5815,High
5816,Low
5817,Low
5818,Low
5819,Low
5821,Low
5824,Low
5825,Low
5828,Low
5829,Average
5830,Low
5831,Low
5832,Low
5833,Average
5834,Low
5835,Low
5836,Low
5837,Average
5838,Average
5839,Low
5840,Low
5841,Low
5842,Low
5845,Low
5846,Low
5847,Low
5850,Low
5852,High
5853,Low
5854,Low
5855,Average
5856,Low
5858,High
5859,Average
5860,Low
5861,Low
5862,Low
5863,Average
5864,Low
5865,Low
5866,Low
5867,Low
5869,Low
5870,Low
5871,Average
5872,Average
5874,Average
5875,Low
5876,High
5878,Average
5879,Low
5881,Low
5883,Low
5884,Low
5885,Average
5886,Low
5887,Average
5889,Low
5890,Average
5891,Average
5892,Low
5894,Low
5895,Average
5896,Average
5899,High
5900,Low
5902,Low
5903,Average
5904,High
5905,Low
5906,Low
5907,Low
5908,Low
5909,High
5910,High
5911,Low
5912,High
5913,Average
5915,Low
5916,Average
5917,Low
5918,Low
5919,Low
5922,Average
5923,Low
5924,Low
5925,Low
5926,Low
5928,Average
5929,Low
5930,Low
5932,Low
5933,Average
5934,Low
5935,Average
5936,Low
5937,Low
5938,Average
5939,High
5940,Average
5941,High
5942,High
5943,Average
5944,Low
5945,Low
5946,Low
5947,Low
5948,Average
5949,Average
5950,Average
5952,Low
5953,Average
5954,Low
5955,Low
5956,Average
5957,Low
5958,Low
5960,High
5961,High
5962,Low
5963,Low
5964,Average
5965,High
5966,High
5968,Low
5969,Low
5970,Low
5971,Low
5972,Low
5973,Low
5974,Low
5975,Low
5976,Low
5977,Low
5979,Low
5980,Low
5981,Average
5982,High
5983,Low
5984,Average
5985,Low
5986,High
5988,Low
5989,Average
5990,Low
5991,Average
5992,Average
5993,Average
5994,Low
5995,High
5996,Low
5997,High
5998,Low
5999,Average
6000,Low
6001,Average
6002,Low
6003,Low
6004,High
6005,Low
6007,Average
6008,Low
6009,High
6010,Low
6011,Average
6012,Low
6014,High
6015,High
6016,High
6017,High
6018,Low
6019,Low
6020,Low
6021,Low
6023,High
6024,Low
6025,Low
6026,Average
6028,Low
6029,Low
6030,Low
6031,Average
6032,High
6033,High
6034,Average
6035,Low
6036,Low
6038,Average
6039,Low
6040,Low
6041,Average
6042,Low
6043,Average
6044,Average
6045,Low
6046,Average
6047,Low
6048,Low
6049,High
6050,Average
6051,Low
6053,Average
6054,Low
6055,Low
6056,Low
6057,Average
6059,Low
6060,Average
6061,Average
6062,Low
6063,Low
6064,High
6066,Low
6067,Average
6068,Low
6069,Low
6070,Low
6071,Low
6072,Low
6073,Low
6074,Low
6076,High
6078,Low
6079,Average
6080,Average
6081,Low
6082,Average
6083,Average
6084,Low
6085,High
6087,High
6088,Average
6089,Average
6090,Low
6091,Low
6093,Average
6095,Low
6096,Average
6097,Low
6098,Low
6099,High
6100,Average
6101,Low
6102,Average
6103,Low
6107,Average
6108,Low
6110,Low
6111,Low
6116,Low
6117,Average
6118,Low
6119,Low
6120,Average
6121,Low
6122,Low
6123,High
6124,Average
6126,Average
6127,Low
6129,Average
6132,Low
6134,Low
6136,Low
6138,High
6139,Average
6140,Low
6141,Low
6142,Low
6143,Low
6144,Low
6145,Low
6146,Low
6147,High
6148,Low
6149,Low
6150,Average
6151,Average
6152,Low
6156,Low
6157,Low
6158,Average
6159,High
6160,Low
6161,High
6162,Average
6163,Low
6165,Average
6166,High
6168,Low
6169,Average
6170,Low
6171,Low
6172,Low
6173,Low
6174,Low
6175,Low
6176,Average
6177,Average
6178,Low
6180,Low
6181,Low
6182,Low
6183,Low
6184,High
6185,Average
6186,Average
6187,Low
6188,Low
6189,Low
6190,Low
6191,Low
6192,Low
6193,High
6194,Low
6195,Low
6197,High
6198,High
6199,Low
6200,Average
6201,Low
6202,Low
6203,Low
6204,Low
6205,Low
6206,High
6207,Average
6208,Low
6209,Low
6210,High
6211,Low
6212,Low
6213,Low
6214,Average
6215,High
6216,Low
6217,Average
6218,High
6220,Low
6221,Low
6222,Average
6223,Low
6224,Average
6225,Low
6226,Low
6227,Low
6228,Low
6229,Low
6230,Average
6231,Low
6233,Low
6234,Average
6235,Low
6236,Average
6237,Low
6238,Average
6239,Low
6240,Average
6241,Low
6242,Average
6245,Average
6246,Low
6247,Low
6248,Low
6249,High
6250,Low
6251,Low
6252,Low
6254,Average
6255,Low
6256,Low
6257,Average
6258,Low
6259,Low
6260,Low
6261,Low
6263,Low
6264,Low
6265,Average
6266,Average
6267,Average
6268,Low
6269,Low
6270,Low
6272,Average
6273,Average
6274,Low
6275,High
6276,Average
6277,Low
6278,Low
6280,Low
6281,Low
6282,High
6283,Low
6284,High
6285,Low
6286,Low
6287,Low
6289,Low
6290,Average
6291,Average
6293,Low
6295,Low
6296,Low
6297,High
6300,Low
6301,Low
6302,Low
6303,Low
6305,Low
6306,High
6307,Low
6308,High
6309,Average
6311,Low
6312,High
6313,Low
6314,Low
6315,Low
6317,Low
6319,Low
6320,Low
6321,Low
6323,Low
6324,High
6325,Average
6326,Low
6327,Low
6328,High
6329,Average
6331,Low
6332,Low
6333,Low
6334,Average
6335,Average
6336,Low
6337,Average
6338,Low
6339,Low
6340,Low
6341,Low
6342,Low
6343,Low
6344,Low
6345,High
6346,Low
6347,Low
6348,Low
6349,Low
6350,Low
6352,Low
6353,Low
6354,Low
6355,Low
6356,Low
6357,Low
6359,Low
6360,Low
6361,Low
6363,Average
6364,High
6365,Low
6367,Low
6368,Low
6369,Low
6370,Low
6373,Low
6374,High
6375,Average
6376,High
6377,Average
6378,Average
6379,Low
6380,Average
6381,Low
6382,Low
6383,Low
6384,Low
6385,High
6386,Average
6389,Low
6390,Low
6391,Low
6392,Low
6393,Low
6394,Low
6395,Low
6396,Average
6397,Average
6398,Average
6399,Low
6400,Average
6401,Low
6402,Low
6403,Average
6404,Average
6405,Low
6406,High
6407,Average
6408,Low
6409,Low
6410,High
6411,Average
6412,High
6413,Low
6414,Low
6415,Low
6416,Low
6418,High
6420,Low
6421,Low
6424,Average
6425,High
6427,Low
6430,Average
6431,Low
6432,Average
6434,High
6435,Low
6436,High
6437,Average
6438,Low
6439,Low
6440,Average
6441,Average
6443,Low
6444,Average
6445,Low
6446,Low
6447,Average
6448,Low
6449,Low
6450,Low
6451,Low
6452,Average
6453,Low
6454,Low
6455,Low
6456,Low
6457,Average
6458,Low
6460,High
6462,High
6463,Low
6464,Low
6465,High
6466,Low
6467,Low
6468,Low
6469,High
6470,Low
6471,Low
6472,High
6473,Average
6475,Low
6476,High
6477,Average
6479,Average
6480,Average
6481,Low
6482,Low
6483,Average
6484,Low
6485,Average
6486,Low
6487,Average
6488,Low
6491,Low
6492,Average
6493,Average
6494,Low
6496,Low
6498,High
6499,Low
6501,Average
6502,High
6503,Low
6505,Low
6506,Low
6507,Low
6509,Low
6511,Low
6512,High
6513,High
6514,Low
6515,Low
6516,Low
6518,Low
6519,Low
6520,Average
6521,Average
6522,Low
6523,High
6524,Low
6526,Low
6528,Low
6530,Low
6532,Low
6533,Average
6534,Average
6536,Average
6539,Low
6540,Low
6541,Low
6542,Average
6543,Average
6544,Low
6545,Average
6546,Low
6547,High
6548,Average
6549,Low
6550,Low
6551,High
6552,High
6553,Average
6554,Average
6555,Low
6556,Low
6559,Low
6560,High
6561,Low
6562,Average
6563,Low
6564,Low
6565,High
6566,Average
6567,Low
6568,Low
6569,Average
6570,Low
6571,Low
6572,Low
6573,Low
6575,Average
6577,Low
6578,Low
6579,Low
6580,Average
6581,Average
6582,Low
6583,Low
6584,High
6585,Low
6586,Average
6587,High
6588,Low
6589,Low
6591,Low
6592,Low
6593,High
6594,Low
6595,Low
6596,Low
6598,Low
6599,High
6601,Low
6603,Low
6605,Low
6606,High
6607,Average
6608,Low
6609,Low
6610,High
6611,Low
6612,Low
6613,Low
6614,Average
6615,Average
6616,Low
6617,Average
6618,Average
6620,Average
6621,Low
6622,Low
6623,Average
6624,Low
6625,High
6626,Low
6627,Low
6628,Low
6629,Average
6631,Low
6632,Low
6633,Low
6634,Low
6635,Low
6636,Low
6638,Low
6639,Low
6640,Low
6641,Average
6642,Low
6645,Low
6646,Average
6649,Low
6651,Low
6652,Low
6655,Average
6656,High
6657,Average
6659,Average
6660,Low
6661,Average
6662,Low
6664,Average
6665,Average
6666,Average
6667,Low
6669,Low
6670,Average
6671,Average
6672,Low
6673,Low
6674,High
6675,Low
6676,Average
6677,Low
6679,Low
6680,High
6681,Low
6682,Low
6683,Low
6684,Low
6685,Low
6686,Low
6688,Average
6689,Low
6690,Low
6692,Low
6693,High
6694,Low
6695,Low
6696,High
6697,Low
6698,High
6699,Low
6701,Low
6702,Low
6704,Low
6705,High
6706,Low
6707,Low
6708,Low
6709,Low
6711,Low
6712,High
6713,Average
6714,Low
6715,High
6716,Low
6719,Low
6720,Low
6721,Low
6722,Low
6725,High
6727,Low
6728,Low
6729,Low
6730,Low
6731,Low
6732,Low
6733,Average
6735,Low
6736,Low
6737,Low
6738,Low
6739,Low
6740,Average
6741,High
6742,High
6743,Low
6744,Low
6745,High
6746,Low
6747,Low
6748,Low
6749,Low
6750,Low
6752,Low
6753,High
6755,High
6757,High
6758,Low
6759,Average
6761,Low
6762,Average
6763,High
6764,Low
6766,High
6768,Low
6769,Low
6770,Low
6771,Average
6772,High
6773,Average
6774,Average
6775,Low
6776,Low
6777,Average
6778,High
6779,Low
6782,High
6784,Average
6785,Low
6786,Low
6787,Low
6789,Average
6791,Average
6792,Average
6793,Low
6794,Low
6795,Low
6796,Low
6797,Average
6798,Low
6799,Low
6800,Average
6801,High
6802,Low
6803,Average
6804,Average
6805,Low
6806,Low
6807,High
6808,High
6809,Low
6810,Low
6811,Low
6812,Average
6813,High
6814,Average
6815,Average
6817,Average
6819,Average
6820,Low
6822,Low
6823,Low
6824,Low
6825,High
6826,Low
6828,Average
6829,Low
6830,Low
6832,High
6833,Average
6834,Average
6836,Low
6837,Low
6839,Low
6840,Low
6841,Low
6842,Average
6843,High
6844,Low
6845,Average
6846,Low
6847,Average
6848,Average
6850,Low
6851,Low
6852,Average
6853,Average
6854,Low
6855,High
6856,Low
6857,Average
6858,Average
6859,Low
6860,High
6861,Low
6862,Average
6863,Low
6864,Low
6865,High
6866,Average
6867,Low
6868,Low
6869,Low
6870,High
6871,Low
6872,Low
6873,Low
6876,Low
6877,Average
6878,Low
6879,High
6880,High
6881,Average
6882,High
6884,Low
6885,Low
6886,Average
6887,Low
6888,Average
6889,High
6890,Average
6891,Low
6892,Low
6893,Low
6894,Low
6895,High
6896,Low
6897,Average
6898,Low
6899,Low
6900,Low
6901,Low
6902,High
6904,Low
6905,Low
6906,Low
6908,Average
6909,High
6910,Low
6912,Low
6914,Low
6915,High
6916,Low
6917,Low
6918,Average
6919,Average
6920,High
6921,Low
6922,Average
6923,High
6924,Low
6925,Average
6926,High
6927,High
6928,Low
6929,Low
6930,Average
6931,Average
6933,Low
6934,Low
6935,Low
6936,Low
6937,Low
6938,High
6939,Low
6941,Low
6942,Low
6943,High
6944,High
6945,Low
6946,Average
6948,Low
6949,High
6950,Low
6951,Average
6953,Low
6955,Low
6956,Low
6957,Low
6958,Low
6959,Low
6961,Average
6962,High
6963,Low
6964,Low
6965,Low
6966,Low
6967,Average
6968,Average
6969,Low
6970,Low
6971,Average
6973,Low
6974,Low
6975,Average
6977,Low
6978,Average
6979,High
6980,High
6982,Low
6984,Average
6985,Low
6986,Low
6987,Low
6989,Low
6990,High
6991,Average
6992,Low
6993,Low
6994,High
6996,Average
6997,Low
6999,High
7000,Average
7001,Average
7002,Average
7003,Low
7005,Average
7006,Average
7007,Low
7008,High
7009,Low
7010,High
7011,Low
7012,Low
7013,Low
7014,Average
7016,Average
7018,Average
7020,Average
7021,Low
7022,Average
7023,Low
7024,Low
7025,High
7026,Low
7028,Low
7029,High
7030,Low
7031,Low
7034,Low
7035,Average
7036,Average
7037,Average
7038,Low
7040,Average
7041,Low
7042,Low
7044,Average
7045,Low
7046,Low
7047,High
7048,Average
7049,Average
7050,Low
7051,Average
7052,Low
7053,Average
7055,Average
7057,High
7058,High
7060,Average
7062,Average
7063,Low
7064,High
7065,Average
7067,Low
7068,Low
7070,Average
7071,Low
7072,High
7073,Low
7074,Low
7075,Low
7076,Average
7077,High
7081,Low
7084,Low
7085,Low
7087,Low
7088,Average
7090,Low
7091,High
7093,Low
7095,Low
7097,Low
7099,High
7100,Low
7101,Low
7102,High
7103,Low
7104,Low
7105,Average
7107,Average
7108,High
7109,High
7110,Average
7111,Low
7112,High
7113,Average
7114,High
7115,Low
7116,High
7118,High
7119,Low
7120,Low
7121,Low
7123,High
7124,High
7125,Low
7126,Low
7127,Low
7128,Average
7129,Average
7130,Average
7131,Average
7132,Average
7133,Average
7134,Low
7135,Low
7136,High
7137,Average
7138,Low
7139,Low
7140,Average
7141,Low
7142,Average
7145,Low
7146,Low
7147,Low
7148,Low
7149,High
7150,Average
7152,High
7154,Low
7155,Average
7156,Average
7157,High
7158,Low
7159,Low
7160,Low
7161,Low
7162,Low
7163,Average
7165,Low
7166,Low
7167,Average
7168,Low
7169,Low
7172,High
7173,High
7174,Low
7175,Low
7177,Average
7178,Low
7180,Average
7182,Average
7183,Low
7184,Low
7185,Average
7186,Average
7187,Average
7188,High
7191,Low
7192,High
7193,Average
7196,Low
7197,Average
7198,High
7199,Low
7200,High
7201,Low
7203,Low
7204,Average
7205,Low
7207,Low
7208,Average
7209,Average
7210,Average
7211,Average
7212,Average
7213,High
7214,Low
7215,Average
7216,Low
7218,Average
7219,Average
7220,Average
7221,Average
7222,Average
7223,Low
7224,Low
7225,Low
7227,Average
7228,Average
7229,Low
7230,Average
7231,Low
7232,Average
7233,High
7235,Average
7236,High
7237,Average
7238,High
7239,Low
7242,Average
7243,Low
7244,Low
7245,Low
7246,Low
7248,Low
7249,Low
7250,High
7251,Low
7252,Low
7253,High
7254,Low
7255,Low
7256,Average
7257,Low
7258,Low
7260,Average
7261,High
7263,Low
7264,Average
7265,Low
7267,Low
7268,Low
7269,Average
7270,Low
7271,Low
7272,Average
7273,Low
7274,Average
7275,Low
7276,High
7277,Low
7278,High
7281,Low
7282,Low
7283,Low
7285,High
7286,Low
7287,Low
7288,Average
7289,Low
7290,Low
7291,High
7292,Low
7293,Low
7294,Average
7295,Low
7296,Average
7299,Low
7301,Low
7303,High
7304,Low
7305,Average
7306,Average
7307,Low
7310,Average
7311,Low
7312,Low
7314,Average
7315,Average
7316,High
7318,High
7319,Low
7321,Low
7322,Average
7325,High
7326,Average
7327,Average
7328,Low
7329,Low
7330,Low
7332,High
7333,Low
7334,Low
7335,Low
7337,High
7339,Average
7340,High
7341,Low
7344,Low
7345,High
7346,Average
7347,Average
7348,Low
7349,Average
7350,Low
7351,Low
7352,Low
7353,Average
7354,Average
7355,Low
7356,Low
7358,Low
7359,Low
7360,Low
7361,Low
7362,Low
7365,Low
7366,Low
7368,High
7369,Low
7370,Average
7374,Low
7375,Average
7376,Average
7380,Average
7381,Average
7382,Average
7383,Low
7384,Low
7385,Low
7386,High
7387,Low
7388,Average
7389,Low
7390,High
7391,Low
7392,Low
7393,Average
7394,Average
7396,Low
7398,Low
7399,Low
7402,Low
7403,Low
7404,Average
7405,Low
7406,High
7407,Low
7408,Low
7410,High
7411,High
7412,Low
7413,Low
7415,Average
7416,Low
7417,Low
7418,High
7419,Low
7420,Low
7421,Low
7422,Low
7423,Average
7426,Low
7427,Low
7428,Average
7429,Low
7431,Average
7432,Low
7433,High
7435,Low
7436,Low
7437,Average
7438,Low
7439,Average
7442,Average
7444,Low
7445,Low
7446,Low
7447,High
7448,Low
7449,Low
7450,Low
7451,Average
7452,Average
7455,Average
7457,Average
7458,Low
7459,Average
7460,Low
7461,Low
7462,Low
7463,Low
7465,Low
7466,Average
7469,Average
7470,Low
7471,Low
7472,Low
7475,Average
7476,Low
7479,High
7480,Low
7481,Average
7482,Average
7483,Low
7484,High
7485,Low
7486,High
7487,Low
7488,Average
7489,Low
7490,Low
7491,Low
7494,Average
7495,High
7496,Low
7497,Low
7498,Low
7499,Average
7500,Low
7501,Average
7502,High
7503,Low
7506,Low
7507,High
7508,Low
7509,Average
7510,Average
7511,Low
7513,Average
7514,Low
7515,Low
7516,Low
7517,Low
7519,Average
7520,Average
7521,Average
7522,Low
7524,Low
7525,Average
7526,Average
7527,Average
7528,Average
7531,Average
7532,Low
7533,Low
7534,Low
7537,Average
7538,Low
7545,Low
7546,Low
7547,Average
7549,Average
7550,Low
7551,Low
7552,Low
7553,High
7554,Average
7555,Low
7556,Average
7557,Low
7558,Low
7559,High
7560,Low
7561,Low
7562,Low
7564,Low
7565,High
7566,Average
7567,Low
7568,Low
7569,Average
7570,High
7571,Low
7572,Low
7573,Low
7574,Average
7576,Low
7578,High
7579,Low
7580,Average
7583,Low
7584,Average
7586,Low
7587,Average
7589,Low
7591,Low
7592,High
7593,Low
7594,Low
7595,Low
7596,Low
7597,Low
7598,High
7599,Low
7600,Low
7601,Low
7603,Low
7604,Low
7605,Average
7608,Low
7609,Average
7610,Low
7611,Low
7612,Average
7613,Average
7614,Low
7617,Low
7618,Low
7619,Low
7620,Average
7621,Low
7622,Low
7623,High
7625,High
7626,High
7627,Low
7628,Low
7629,Low
7630,Low
7631,Average
7632,Low
7634,Low
7635,High
7636,Low
7637,Low
7638,High
7640,Low
7641,Low
7642,Low
7644,Average
7645,Low
7646,Low
7647,Low
7648,Average
7649,Average
7650,Average
7651,Average
7652,Low
7653,Low
7654,Low
7657,Average
7658,Low
7659,Low
7660,Low
7661,Low
7662,Low
7663,Low
7664,Low
7665,Low
7667,High
7668,Average
7669,Low
7670,Average
7671,Average
7672,Low
7675,Average
7676,Average
7677,Low
7679,Low
7680,Average
7681,Low
7682,High
7683,Low
7684,Average
7686,Low
7687,Average
7688,Low
7689,Low
7690,Low
7691,Low
7692,Average
7693,High
7694,Average
7695,High
7696,Low
7697,Low
7698,Average
7699,Low
7700,Low
7701,Low
7703,Average
7704,High
7705,Low
7706,Low
7707,Average
7708,Average
7709,Average
7710,Low
7711,Low
7712,Low
7714,High
7718,Average
7719,Low
7720,Low
7721,Average
7722,Average
7723,Low
7724,High
7726,Low
7727,High
7728,Low
7729,High
7730,Average
7731,Low
7732,Low
7733,Low
7735,Low
7736,Low
7737,Low
7738,Low
7739,Low
7740,Low
7741,Low
7742,Average
7744,High
7745,Low
7746,High
7747,Low
7748,Low
7749,Low
7750,Low
7751,High
7752,High
7753,High
7754,Low
7755,Average
7757,High
7758,Low
7760,Low
7762,High
7764,High
7766,Low
7767,Low
7768,Average
7769,Average
7770,Low
7771,Low
7772,High
7773,Average
7774,Low
7777,Low
7779,Low
7780,Low
7781,Low
7782,Low
7783,Low
7784,High
7785,Low
7786,Low
7787,Average
7788,Low
7789,Low
7791,Average
7792,Low
7793,Low
7794,Low
7796,High
7797,High
7798,Low
7799,Low
7800,High
7802,Low
7803,Average
7804,High
7805,Low
7806,Average
7807,High
7808,Low
7809,Low
7810,Average
7811,Low
7812,Low
7813,Low
7814,Low
7815,Low
7816,High
7817,Average
7818,Low
7819,Low
7820,Low
7821,Low
7822,Low
7824,Low
7825,Low
7826,Low
7827,Low
7828,Average
7831,Average
7832,Low
7833,Average
7834,Low
7835,Low
7836,Low
7837,Low
7838,Average
7839,High
7840,Average
7841,Low
7842,Low
7843,Average
7844,High
7845,Low
7846,Low
7847,Average
7848,High
7849,Low
7852,Average
7853,Low
7854,Average
7855,High
7856,Low
7857,Average
7858,Low
7859,Low
7860,Average
7861,High
7862,Average
7863,Low
7864,High
7866,High
7867,High
7868,Average
7869,Low
7871,High
7873,Low
7874,Low
7875,Average
7876,Low
7877,Average
7878,High
7879,Low
7880,High
7881,Low
7882,Low
7883,Low
7885,Low
7886,Average
7887,Low
7888,Low
7889,Average
7890,Low
7891,Low
7892,Average
7893,Low
7894,Average
7895,Low
7897,Average
7898,High
7900,Low
7901,Low
7902,Low
7903,Low
7904,Low
7905,Average
7907,Low
7908,Low
7909,Low
7910,Low
7911,Average
7912,High
7914,Low
7915,Low
7916,Average
7917,Average
7918,Average
7919,Low
7920,High
7921,Low
7922,High
7923,High
7924,Low
7927,Low
7928,High
7929,Low
7930,High
7931,High
7932,Low
7934,Low
7936,Low
7938,Low
7939,High
7940,Low
7941,Low
7942,High
7944,High
7945,Low
7946,Average
7947,Low
7948,Average
7949,Low
7950,Average
7951,Average
7952,Low
7953,Low
7954,Low
7955,Low
7956,Low
7957,High
7958,Low
7959,Average
7960,Average
7961,Low
7962,Low
7963,Average
7964,Low
7965,High
7966,Low
7967,Low
7968,Average
7969,Low
7970,Low
7971,Average
7972,Low
7973,Low
7974,Low
7975,High
7976,Average
7977,Low
7979,Low
7980,Low
7981,Low
7982,Average
7983,Average
7984,Average
7985,Low
7986,Low
7988,Low
7989,Average
7990,Low
7993,Low
7994,Low
7996,Low
7998,Low
7999,Low
8000,Low
8001,Low
8002,Low
8003,Low
8004,Low
8005,High
8006,Average
8007,Low
8010,High
8012,Low
8013,Low
8014,High
8015,Low
8016,Low
8018,Low
8019,Average
8021,Low
8022,High
8023,Average
8025,Low
8026,Low
8027,Average
8028,High
8031,Average
8032,Low
8033,Low
8034,High
8035,Low
8036,Low
8037,Low
8038,Low
8039,Average
8041,Low
8042,Average
8043,Average
8045,Average
8046,Average
8048,Low
8050,Average
8051,Average
8052,Low
8053,Low
8054,Average
8055,Low
8056,Average
8057,Low
8058,Low
8059,Low
8060,Average
8061,Average
8062,High
8064,Low
8065,Low
8066,Low
8067,Average
